kanji	yomi
一人	ひとり
一人息子	ひとりむすこ
一人暮	ひとりぐ
一口量	ひとくちりょう
一員	いちいん
一度	いちど
一度解凍	いちどかいとう
一律	いちりつ
一方的	いっぽうてき
一日	いちにち
一日中	いちにちじゅう
一時保護	いちじほご
一時的	いちじてき
一杯	いっぱい
一点	いってん
一番	いちばん
一緒	いっしょ
一般就労	いっぱんしゅうろう
一般的	いっぱんてき
一部	いちぶ
万円	まんえん
三叉神経	さんさしんけい
三親等内	さんしんとうない
三角筋	さんかくきん
上	うえ
上で	じょうで
上体	じょうたい
上半身	じょうはんしん
上司	じょうし
上手	じょうず
上方	じょうほう
上昇	じょうしょう
上着	うわぎ
上端	じょうたん
上肢	じょうし
上腕	じょうわん
上腕三頭筋	じょうわんさんとうきん
上行結腸	じょうこうけっちょう
上部	じょうぶ
上部右側	じょうぶみぎがわ
上部左斜	じょうぶひだりななめ
上部真	じょうぶま
上顎	うわあご
下	した
下げ	さげ
下に	したに
下剤以外	げざいいがい
下垂体	かすいたい
下方	かほう
下痢	げり
下着	したぎ
下肢	かし
下肢筋力	かしきんりょく
下膳	げぜん
下行結腸	かこうけっちょう
下部左側	かぶひだりがわ
下部左斜	かぶひだりななめ
下顎	がかく
不	ふ
不可能	ふかのう
不安	ふあん
不安定	ふあんてい
不快感	ふかいかん
不満	ふまん
不眠	ふみん
不要	ふよう
不足	ふそく
不随意的	ふずいいてき
不飽和脂肪酸	ふほうわしぼうさん
与	あた
世帯	せたい
世帯当	せたいあた
世帯構造	せたいこうぞう
世界	せかい
世話	せわ
両上肢	りょうじょうし
両下肢	りょうかし
両下腿	りょうかたい
両手	りょうて
両耳	りょうみみ
両膝	りょうひざ
両膝窩部	りょうしつかぶ
両親	りょうしん
両輪	りょうりん
両面	りょうめん
並	なみ
中	なか
中年期	ちゅうねんき
中心	ちゅうしん
中心線	ちゅうしんせん
中断	ちゅうだん
中期以降	ちゅうきいこう
中止	ちゅうし
中耳	ちゅうじ
中脳	ちゅうのう
中途視覚障害者	ちゅうとしかくしょうがいしゃ
中途障害	ちゅうとしょうがい
中重度	ちゅうじゅうど
中間	ちゅうかん
中鼻道	ちゅうびどう
丸椅子	まるいす
主	おも
主に	おもに
主任介護支援専門員	しゅにんかいごしえんせんもんいん
主体	しゅたい
主体性	しゅたいせい
主催	しゅさい
主導	しゅどう
主張	しゅちょう
主治医	しゅじい
主観	しゅかん
主観的情報	しゅかんてきじょうほう
乾	かわき
乾燥	かんそう
乾燥機	かんそうき
予備力	よびりょく
予定	よてい
予防	よぼう
予防対策	よぼうたいさく
事例	じれい
事前	じぜん
事情	じじょう
事故	じこ
事故発生予防	じこはっせいよぼう
事故防止	じこぼうし
事業	じぎょう
事業主	じぎょうしゅ
事業主支援	じぎょうしゅしえん
事業場	じぎょうじょう
事業所	じぎょうしょ
事業所長	じぎょうしょちょう
事業者	じぎょうしゃ
事項	じこう
二人暮	ふたりぐ
二次避難	にじひなん
互	たが
互い	たがい
些細	ささい
亡	なき
亢進	こうしん
交互	こうご
交付	こうふ
交代	こうたい
交換	こうかん
交流	こうりゅう
交通事故	こうつうじこ
人	ひと
人以上	にんいじょう
人以下	にんいか
人員配置基準	じんいんはいちきじゅん
人工	じんこう
人工呼吸器	じんこうこきゅうき
人工喉頭	じんこうこうとう
人形	にんぎょう
人権	じんけん
人気	にんき
人物	じんぶつ
人生	じんせい
人的環境	じんてきかんきょう
人見知	ひとみし
人間	にんげん
人間関係	にんげんかんけい
今	いま
今度	こんど
今後	こんご
今後泊	こんごはく
今日	きょう
今朝	けさ
介助	かいじょ
介助方法	かいじょほうほう
介護	かいご
介護主任	かいごしゅにん
介護予防	かいごよぼう
介護予防住宅改修	かいごよぼうじゅうたくかいしゅう
介護予防小規模多機能型居宅介護	かいごよぼうしょうきぼたきのうがたきょたくかいご
介護予防認知症対応型共同生活介護	かいごよぼうにんちしょうたいおうがたきょうどうせいかつかいご
介護予防通所	かいごよぼうつうしょ
介護付	かいごつき
介護付有料老人	かいごつきゆうりょうろうじん
介護休業	かいごきゅうぎょう
介護保険	かいごほけん
介護保険制度	かいごほけんせいど
介護保険審査会	かいごほけんしんさかい
介護保険施設	かいごほけんしせつ
介護保険法	かいごほけんほう
介護医療院	かいごいりょういん
介護従事者	かいごじゅうじしゃ
介護技術	かいごぎじゅつ
介護支援専門員	かいごしえんせんもんいん
介護施設	かいごしせつ
介護現場	かいごげんば
介護目標	かいごもくひょう
介護福祉	かいごふくし
介護福祉士	かいごふくしし
介護福祉士国家試験	かいごふくししこっかしけん
介護福祉士法	かいごふくししほう
介護福祉士養成施設	かいごふくししようせいしせつ
介護福祉施設	かいごふくししせつ
介護福祉職	かいごふくししょく
介護等	かいごとう
介護給付	かいごきゅうふ
介護給付費	かいごきゅうふひ
介護老人保健施設	かいごろうじんほけんしせつ
介護老人福祉施設	かいごろうじんふくししせつ
介護者	かいごしゃ
介護計画	かいごけいかく
介護計画立案時	かいごけいかくりつあんじ
介護記録	かいごきろく
介護認定審査会	かいごにんていしんさかい
介護過程	かいごかてい
仕事	しごと
仕組	しくみ
他	ほか
他人	たにん
他者	たしゃ
他職種	たしょくしゅ
付	つ
付着	ふちゃく
仙骨部	せんこつぶ
代	だい
代弁	だいべん
代行	だいこう
令和	れいわ
令和元年	れいわがんねん
以上	いじょう
以下	いか
以前	いぜん
以外	いがい
仮面様顔貌	かめんようがんぼう
仰臥位	ぎょうがい
仲間	なかま
任	まか
任意	にんい
任意事業	にんいじぎょう
休	やす
休息	きゅうそく
休憩	きゅうけい
休憩時間	きゅうけいじかん
休日	きゅうじつ
休暇	きゅうか
会	かい
会社	かいしゃ
会社員	かいしゃいん
会計	かいけい
会話	かいわ
会議	かいぎ
伝	つた
伝達	でんたつ
伴	ともな
伸	のび
似	に
位	い
位置	いち
低い	ひくい
低め	ひくめ
低下	ていか
低体重	ていたいじゅう
低栄養	ていえいよう
住	す
住み	すみ
住宅	じゅうたく
住居	じゅうきょ
体	からだ
体位	たいい
体内物質	たいないぶっしつ
体制	たいせい
体幹	たいかん
体性	たいせい
体性神経	たいせいしんけい
体操	たいそう
体温	たいおん
体調	たいちょう
体調不良	たいちょうふりょう
体重	たいじゅう
体験	たいけん
体験談	たいけんだん
何	なに
何回	なんかい
何度	なんど
何月何日	なんがつなんにし
余暇活動	よかかつどう
作	つく
作成	さくせい
作業	さぎょう
作業中	さぎょうちゅう
作業療法士	さぎょうりょうほうし
作用	さよう
併用	へいよう
使	つか
使い	つかい
使用	しよう
使用方法	しようほうほう
使用状況	しようじょうきょう
使用者	しようしゃ
依頼	いらい
価値尺度	かちしゃくど
侵入	しんにゅう
侵蝕	しんしょく
便	べん
便座	べんざ
便意	べんい
便秘	べんぴ
促	うなが
促進	そくしん
促進等	そくしんとう
保	たも
保健	ほけん
保健師助産師看護師法	ほけんしじょさんしかんごしほう
保健所	ほけんじょ
保存	ほぞん
保存性	ほぞんせい
保持	ほじ
保管	ほかん
保管方法	ほかんほうほう
保育所等	ほいくしょとう
保育所等訪問支援	ほいくしょとうほうもんしえん
保護	ほご
保険	ほけん
保険料	ほけんりょう
保険給付	ほけんきゅうふ
保障	ほしょう
信用	しんよう
信頼	しんらい
信頼関係	しんらいかんけい
修正	しゅうせい
個人	こじん
個別	こべつ
個別対応	こべつたいおう
個別支援会議	こべつしえんかいぎ
個別支援計画	こべつしえんけいかく
個別支援計画作成	こべつしえんけいかくさくせい
個別避難計画	こべつひなんけいかく
個浴	こよく
倒	たお
借	かり
偏	かたよ
健康	けんこう
健康型有料老人	けんこうがたゆうりょうろうじん
健康管理	けんこうかんり
健康診断	けんこうしんだん
健康食品	けんこうしょくひん
側臥位	そくがい
側頭葉	そくとうよう
偽物	にせもの
備	そな
備蓄	びちく
傷	きず
傾	かたむ
傾聴	けいちょう
働	はたら
優	やさしい
優先	ゆうせん
優先度	ゆうせんど
優生保護法	ゆうせいほごほう
元気	げんき
兄	あに
兄弟姉妹	きょうだいしまい
先	さき
先天性	せんてんせい
先生	せんせい
先行期	せんこうき
光	ひかり
光源	こうげん
免疫力	めんえきりょく
免除	めんじょ
児童	じどう
入れる	入れる
入会	にゅうかい
入口	いりぐち
入居	にゅうきょ
入所	にゅうしょ
入所中	にゅうしょちゅう
入所当日	にゅうしょとうじつ
入所施設	にゅうしょしせつ
入所時	にゅうしょじ
入浴	にゅうよく
入浴介助時	にゅうよくかいじょじ
入浴介護	にゅうよくかいご
入浴日	にゅうよくび
入浴時	にゅうよくじ
入浴用	にゅうよくよう
入浴直前	にゅうよくちょくぜん
入眠初期	にゅうみんしょき
入社	にゅうしゃ
入院中	にゅういんちゅう
入院治療	にゅういんちりょう
全介助	ぜんかいじょ
全体像	ぜんたいぞう
全力	ぜんりょく
全国一律	ぜんこくいちりつ
全盲	ぜんもう
全般的	ぜんぱんてき
全身清拭	ぜんしんせいしき
公共	こうきょう
公共職業安定所	こうきょうしょくぎょうあんていじょ
公平性	こうへいせい
公的	こうてき
六親等内	ろくしんとうない
共	とも
共同	きょうどう
共同作業	きょうどうさぎょう
共同生活	きょうどうせいかつ
共同生活援助	きょうどうせいかつえんじょ
共同連帯	きょうどうれんたい
共感	きょうかん
共有	きょうゆう
共生	きょうせい
共生型	きょうせいがた
共生社会	きょうせいしゃかい
共通	きょうつう
共通点	きょうつうてん
具体化	ぐたいか
具体的	ぐたいてき
具合	ぐあい
典型的	てんけいてき
内	うち
内容	ないよう
内容物	ないようぶつ
内罰	ないばつ
内耳	ないじ
内臓	ないぞう
内転	ないてん
内部	ないぶ
内閣府	ないかくふ
円	えん
円熟	えんじゅく
再	さい
再冷凍	さいれいとう
再加熱	さいかねつ
再就職先	さいしゅうしょくさき
再発防止	さいはつぼうし
写真	しゃしん
冬	ふゆ
冷凍食品	れいとうしょくひん
冷房	れいぼう
冷水	れいすい
冷蔵庫	れいぞうこ
処分	しょぶん
処方	しょほう
出	だ
出入	でいり
出入口	でいりぐち
出口	でぐち
出席	しゅっせき
出張	しゅっちょう
出現	しゅつげん
出生後	しゅっしょうご
出生時育児休業	しゅっしょうじいくじきゅうぎょう
分	ぶん
分別	ぶんべつ
分別収集	ぶんべつしゅうしゅう
分前	ふんまえ
分析	ぶんせき
分泌	ぶんぴつ
分泌物	ぶんぴつぶつ
分野	ぶんや
分間	ふんかん
切	き
初	はじ
初回訪問	しょかいほうもん
初期	しょき
判定	はんてい
判断	はんだん
判断能力	はんだんのうりょく
別	べつ
利	り
利用	りよう
利用中	りようちゅう
利用契約制度	りようけいやくせいど
利用定員	りようていいん
利用継続	りようけいぞく
利用者	りようしゃ
利用者個人	りようしゃこじん
利用者同士	りようしゃどうし
利用者家族	りようしゃかぞく
利用者支援	りようしゃしえん
利用者負担	りようしゃふたん
利用者負担割合	りようしゃふたんわりあい
利用開始	りようかいし
利益	りえき
制定	せいてい
制度	せいど
制限	せいげん
刺激	しげき
削減	さくげん
前	まえ
前傾姿勢	ぜんけいしせい
前屈	ぜんくつ
前日調理	ぜんじつちょうり
前脛骨筋	ぜんけいこつきん
前開	まえあ
前頭側頭型認知症	ぜんとうそくとうがたにんちしょう
前鼻道	ぜんびどう
剤	ざい
副交感神経	ふくこうかんしんけい
割	わり
割以上	わりいじょう
創設	そうせつ
力	ちから
加	くわえ
加わ	くわわ
加湿	かしつ
加熱調理	かねつちょうり
加齢	かれい
助成金	じょせいきん
助聴器	じょちょうき
助言	じょげん
努	つと
努力	どりょく
努力期	どりょくき
励	はげ
労働	ろうどう
労働安全衛生法	ろうどうあんぜんえいせいほう
労働時間	ろうどうじかん
労働条件	ろうどうじょうけん
労働者数	ろうどうしゃすう
労働者災害補償保険制度	ろうどうしゃさいがいほしょうほけんせいど
労働者災害補償保険法	ろうどうしゃさいがいほしょうほう
労務管理	ろうむかんり
効果	こうか
効率化	こうりつか
動	うご
動作	どうさ
動作時	どうさじ
動作歩行	どうさほこう
動物嫌	どうぶつきらい
動脈	どうみゃく
勝敗	しょうはい
勤め	つとめ
勤務	きんむ
勤務状況	きんむじょうきょう
勧	すす
勧め	すすめ
包	つつ
包丁	ほうちょう
包括	ほうかつ
包摂	ほうせつ
化	か
匹	ひき
区別	くべつ
区画	くかく
医学	いがく
医学的	いがくてき
医師	いし
医師法	いしほう
医療	いりょう
医療保険制度	いりょうほけんせいど
医療機関	いりょうきかん
医療的	いりょうてき
医療職	いりょうしょく
医療費	いりょうひ
医行為	いこうい
十分	じゅうぶん
午前中	ごぜんちゅう
半年前	はんとしまえ
半歩後	はんぽあと
半流動	はんりゅうどう
卒業	そつぎょう
協働	きょうどう
協力	きょうりょく
協議会	きょうぎかい
単位	たんい
占	しめ
印象	いんしょう
危機	きき
厚	あつ
厚生労働省	こうせいろうどうしょう
原則	げんそく
原因	げんいん
原案	げんあん
原理	げんり
参加	さんか
参加者	さんかしゃ
友人	ゆうじん
双方向	そうほうこう
反射運動	はんしゃうんどう
反応	はんのう
反時計回	はんとけいまわ
収益事業	しゅうえきじぎょう
収縮	しゅうしゅく
収集	しゅうしゅう
収集日	しゅうしゅうび
取	と
取得	しゅとく
受	う
受動的	じゅどうてき
受容	じゅよう
受容期	じゅようき
受容過程	じゅようかてい
受検	じゅけん
受給	じゅきゅう
受診	じゅしん
受診時	じゅしんじ
口	くち
口外	こうがい
口腔	こうくう
口腔内	こうくうない
口腔内吸引	こうくうないきゅういん
口腔期	こうくうき
口臭	こうしゅう
口蓋垂	こうがいすい
口頭	こうとう
古	ふる
可能	かのう
可能性	かのうせい
台	だい
右	みぎ
右上肢	みぎじょうし
右下肢	みぎかし
右側	みぎがわ
右側斜	みぎがわななめ
右側臥位	みぎそくがい
右大腿部	みぎだいたいぶ
右手	みぎて
右片麻痺	みぎかたまひ
右肘	みぎひじ
右肩	みぎかた
右肺	うはい
右脚	みぎあし
右袖	みぎそで
右足	みぎあし
号被保険者	ごうひほけんしゃ
吃逆	きつぎゃく
各段階	かくだんかい
合	あ
合わ	あわ
合格	ごうかく
合理的配慮	ごうりてきはいりょ
同	おな
同僚	どうりょう
同居	どうきょ
同居人	どうきょにん
同年代	どうねんだい
同情	どうじょう
同意	どうい
同時	どうじ
同様	どうよう
同等	どうとう
同行援護	どうこうえんご
名	めい
名乗	なの
名前	なまえ
名称	めいしょう
吐	は
向	む
向け	むけ
向上	こうじょう
向精神薬	こうせいしんやく
否定	ひてい
否認	ひにん
否認期	ひにんき
含	ふく
吸	す
吸収	きゅうしゅう
吸引	きゅういん
吸引器	きゅういんき
吸引圧	きゅういんあつ
吸引後	きゅういんご
呈	てい
周	まわ
周囲	しゅうい
周期性四肢運動障害	しゅうきせいししうんどうしょうがい
味	あじ
味付	あじつけ
味覚	みかく
呼	よ
呼吸	こきゅう
呼吸不全	こきゅうふぜん
呼吸中枢	こきゅうちゅうすう
呼吸器官	こきゅうきかん
呼吸回数	こきゅうかいすう
呼吸困難時	こきゅうこんなんじ
咀嚼	そしゃく
咀嚼機能	そしゃくきのう
和式便器	わしきべんき
咲	さ
咳	せき
咳中枢	せきちゅうすう
咳嗽	がいそう
咳払	せきばらい
咽頭	いんとう
咽頭期	いんとうき
員	いん
唾液	だえき
唾液分泌	だえきぶんぴつ
唾液腺	だえきせん
商品	しょうひん
問	と
問題	もんだい
喀出	かくしゅつ
喀痰吸引	かくたんきゅういん
喀痰排出	かくたんはいしゅつ
喉頭	こうとう
喜	よろこ
喪失	そうしつ
喪失感	そうしつかん
喫煙	きつえん
営	いとなみ
嗅神経	きゅうしんけい
嗅細胞	きゅうさいぼう
嗅覚	きゅうかく
嗜好	しこう
嘔気	おうき
器	き
噯気	あいき
噴門	ふんもん
嚥下機能	えんげきのう
嚥下障害	えんげしょうがい
四肢	しし
回	かい
回以上	かいいじょう
回利用	かいりよう
回復	かいふく
回復力	かいふくりょく
回想法	かいそうほう
回数	かいすう
回程度	かいていど
回転	かいてん
回転移動盤	かいてんいどうばん
因子	いんし
団体交渉権	だんたいこうしょうけん
困	こま
困窮者	こんきゅうしゃ
困難	こんなん
図	ず
固定	こてい
固定式歩行器	こていしきほこうき
固形状	こけいじょう
国	くに
国民	こくみん
国民生活基礎調査	こくみんせいかつきそちょうさ
国際	こくさい
国際生活機能分類	こくさいせいかつきのうぶんるい
国際連合	こくさいれんごう
国際障害者年	こくさいしょうがいしゃねん
土足	どそく
圧迫	あっぱく
在宅	ざいたく
在宅復帰	ざいたくふっき
在宅酸素療法中	ざいたくさんそりょうほうちゅう
地域	ちいき
地域住民	ちいきじゅうみん
地域包括支援	ちいきほうかつしえん
地域医療	ちいきいりょう
地域定着支援	ちいきていちゃくしえん
地域密着型	ちいきみっちゃくがた
地域支援事業	ちいきしえんじぎょう
地域活動支援	ちいきかつどうしえん
地域生活支援事業	ちいきせいかつしえんじぎょう
地域移行	ちいきいこう
地域移行支援	ちいきいこうしえん
地域課題	ちいきかだい
地域障害者職業	ちいきしょうがいしゃしょくぎょう
地方	ちほう
地方更生保護委員会	ちほうこうせいほごいいんかい
地震	じしん
坐薬	ざやく
垂直	すいちょく
型	かた
型介護老人福祉施設	がたかいごろうじんふくししせつ
型胃	かたい
型認知症	がたにんちしょう
埃	ほこり
基	もと
基幹	きかん
基幹相談支援	きかんそうだんしえん
基底層	きていそう
基本	きほん
基本姿勢	きほんしせい
基本的	きほんてき
基本調味料	きほんちょうみりょう
基準	きじゅん
基盤	きばん
報告	ほうこく
場	ば
場合	ばあい
場所	ばしょ
場面	ばめん
塗布	とふ
塩	しお
塩分	えんぶん
塩素系薬剤	えんそけいやくざい
塵	ちり
増	まし
増え	ふえ
増加	ぞうか
増幅	ぞうふく
増額	ぞうがく
壁側	かべがわ
壁紙	かべがみ
壊	こわ
士	し
声	こえ
変	へん
変動	へんどう
変化	へんか
変性	へんせい
変更	へんこう
夏	なつ
夕方	ゆうがた
夕食	ゆうしょく
夕食後	ゆうしょくご
外	がい
外出	がいしゅつ
外出機会	がいしゅつきかい
外界	がいかい
外罰	がいばつ
外耳道	がいじどう
外鼻孔	がいびこう
多	おお
多い	おおい
多少	たしょう
多機能型	たきのうがた
多点杖	たてんじょう
多職種	たしょくしゅ
夜	よる
夜中	よなか
夜勤	やきん
夜眠	よるねむり
夜間	やかん
夜間対応型訪問介護	やかんたいおうがたほうもんかいご
夜食	やしょく
夢	ゆめ
大	おおきい
大丈夫	だいじょうぶ
大事	だいじ
大切	たいせつ
大声	おおごえ
大好	だいすき
大小	だいしょう
大正琴	たいしょうごと
大殿筋	だいでんきん
大脳	だいのう
大腿四頭筋	だいたいしとうきん
大臀筋	だいでんきん
大部分	だいぶぶん
大静脈	だいじょうみゃく
太	ふと
太陽	たいよう
夫	おっと
失禁	しっきん
失語	しつご
契機	けいき
契約	けいやく
奥	おく
女性	じょせい
好	すき
妄	もう
妄想	もうそう
妥当	だとう
妻	つま
姉	あね
始	はじ
委員会	いいんかい
委託	いたく
姻族	いんぞく
姿	すがた
姿勢	しせい
娘	むすめ
婚姻歴	こんいんれき
嫉妬妄想	しっともうそう
嫌	いや
子	こ
子育	こそだて
存在	そんざい
学	まな
学校	がっこう
学生	がくせい
学童期	がくどうき
孫	まご
宅	たく
守	まもり
守秘義務違反	しゅひぎむいはん
安	やす
安全	あんぜん
安全対策担当者	あんぜんたいさくたんとうしゃ
安全欲求	あんぜんよくきゅう
安定	あんてい
安心	あんしん
安楽椅子	あんらくいす
安眠	あんみん
安静	あんせい
安静時振戦	あんせいじしんせん
宗教	しゅうきょう
定	さだ
定め	さだめ
定期巡回	ていきじゅんかい
定期的	ていきてき
定着	ていちゃく
定義	ていぎ
実	じつ
実態	じったい
実施	じっし
実施中	じっしちゅう
実施主体	じっししゅたい
実施後	じっしご
実施者	じっししゃ
実現	じつげん
実習	じっしゅう
実習指導者	じっしゅうしどうしゃ
実習生	じっしゅうせい
実行	じっこう
実践	じっせん
実践状況	じっせんじょうきょう
実践経験	じっせんけいけん
客	きゃく
客観的	きゃっかんてき
客観的事実	きゃっかんてきじじつ
室内	しつない
室内環境	しつないかんきょう
家	いえ
家事	かじ
家具	かぐ
家庭	かてい
家庭用加湿器	かていようかしつき
家庭菜園	かていさいえん
家族	かぞく
家族介護者	かぞくかいごしゃ
家族会	かぞくかい
家族構成	かぞくこうせい
容易	ようい
宿泊	しゅくはく
寂	さびしい
寄	よ
密封	みっぷう
密着	みっちゃく
寒	さむ
寝	ね
寝室	しんしつ
寝起	ねおき
審判	しんぱん
対	たい
対し	たいし
対光反射消失	たいこうはんしゃしょうしつ
対処	たいしょ
対処方法	たいしょほうほう
対応	たいおう
対応型共同生活介護	たいおうがたきょうどうせいかつかいご
対策	たいさく
対象	たいしょう
対象外	たいしょうがい
対象家族	たいしょうかぞく
対象者	たいしょうしゃ
対麻痺	つしまひ
専念	せんねん
専門	せんもん
専門医療	せんもんいりょう
専門医等	せんもんいとう
専門的	せんもんてき
専門職	せんもんしょく
尊厳	そんげん
尊重	そんちょう
尋	たず
導入	どうにゅう
小	ちいさ
小体型認知症	しょうたいがたにんちしょう
小学生	しょうがくせい
小弯	しょうわん
小脳	しょうのう
小腸	しょうちょう
小規模	しょうきぼ
小規模多機能型居宅介護	しょうきぼたきのうがたきょたくかいご
小遣	こづかい
少	すく
少な	すくな
少人数	しょうにんずう
少量	しょうりょう
少額	しょうがく
就寝	しゅうしん
就寝直前	しゅうしんちょくぜん
尺度	しゃくど
尿失禁	にょうしっきん
尿意	にょうい
尿量	にょうりょう
局部床	きょくぶしょう
局部床義歯	きょくぶしょうぎし
居住	きょじゅう
居住環境	きょじゅうかんきょう
居宅	きょたく
居宅介護	きょたくかいご
居宅介護事業所	きょたくかいごじぎょうしょ
居宅療養管理指導	きょたくりょうようかんりしどう
居室	きょしつ
居室環境	きょしつかんきょう
屈曲	くっきょく
届	とど
屋	や
展開	てんかい
山積	さんせき
巡回	じゅんかい
工夫	くふう
左上方	ひだりじょうほう
左下方	ひだにかほう
左下肢	ひだりかし
左側	ひだりがわ
左側斜	ひだりがわななめ
左大腿部	ひだりだいたいぶ
左心室	さしんしつ
左手	ひだりて
左斜	ひだりななめ
左片麻痺	ひだりかたまひ
左肩	ひだりかた
左袖	ひだりそで
左足	ひだりあし
巻	ま
市	し
市内	しない
市民的	しみんてき
市町村	しちょうそん
市町村長	しちょうそんちょう
市町村障害福祉計画	しちょうそんしょうがいふくしけいかく
布団	ふとん
希望	きぼう
師	し
席	せき
帯状疱疹	たいじょうほうしん
帰り	かえり
帰宅	きたく
常	つね
常時	じょうじ
常温保存	じょうおんほぞん
常駐	じょうちゅう
幅	はば
平均	へいきん
平均所得金額	へいきんしょとくきんがく
平成	へいせい
平等性	びょうどうせい
平等権	びょうどうけん
年	ねん
年以内	ねんいいない
年前	ねんまえ
年度	ねんど
年後	ねんご
年金	ねんきん
年金保険	ねんきんほけん
年金制度	ねんきんせいど
年齢	ねんれい
幻	まぼろし
幻聴	げんちょう
幻視	げんし
幽門	ゆうもん
広	ひろ
床	ゆか
床材	ゆかざい
底屈	ていくつ
店	みせ
度	ど
度程度倒	どていどたおれ
座	ざ
座薬	ざやく
座面	ざめん
庭	にわ
廃棄	はいき
廃止	はいし
廊下	ろうか
延長	えんちょう
延髄	えんずい
弁償	べんしょう
弁当	べんとう
引	ひ
引き上	ひきあ
引退	いんたい
引退後	いんたいご
弱	よわ
弱者	じゃくしゃ
張	は
強	つよ
強化	きょうか
強度	きょうど
当	とう
当て	あて
当事者	とうじしゃ
当日	とうじつ
形成	けいせい
影響	えいきょう
役割	やくわり
役員	やくいん
役所	やくしょ
役目	やくめ
役立	やくだち
待	ま
後	あと
後方	こうほう
後日	ごじつ
後期高齢者医療制度	こうきこうれいしゃいりょうせいど
後見	こうけん
後見人	こうけんにん
後見開始	こうけんかいし
後輩	こうはい
後遺症	こういしょう
後鼻道	こうびどう
徐	じょ
徐々	じょじょ
従業員	じゅうぎょういん
得	え
得意	とくい
復帰	ふっき
循環器系	じゅんかんきけい
循環式浴槽	じゅんかんしきよくそう
徴候	ちょうこう
徴収	ちょうしゅう
徹底	てってい
心	こころ
心停止	しんていし
心情	しんじょう
心機能	しんきのう
心気妄想	しんきもうそう
心理	しんり
心理症状	しんりしょうじょう
心理的	しんりてき
心理的特徴	しんりてきとくちょう
心疾患	しんしっかん
心筋梗塞	しんきんこうそく
心臓	しんぞう
心身	しんしん
心身機能	しんしんきのう
心配	しんぱい
必要	ひつよう
必須	ひっす
必須事業	ひっすじぎょう
忘	わす
忘れ	わすれ
忙	いそが
応	おう
応益負担	おうえきふたん
応答	おうとう
快適	かいてき
念	ねん
怒	いか
怒鳴	どな
思	おも
思想	しそう
思考	しこう
急	きゅう
急激	きゅうげき
性	せい
性交痛	せいこうつう
性差	せいさ
性格	せいかく
性洗剤	せいせんざい
性状	せいじょう
性的欲求	せいてきよくきゅう
性質	せいしつ
恐怖	きょうふ
恒常性	こうじょうせい
恥骨部	ちこつぶ
息	いき
息切	いきぎ
息子	むすこ
患側	かんそく
悩	なや
悪	わる
悲	かな
悲嘆	ひたん
情動	じょうどう
情報	じょうほう
情報伝達	じょうほうでんたつ
情報提供	じょうほうていきょう
意向	いこう
意味	いみ
意味性失語	いみせいしつご
意図	いと
意思	いし
意思決定	いしけってい
意思決定支援	いしけっていしえん
意思決定支援者	いしけっていしえんしゃ
意思疎通	いしそつう
意思疎通支援用具	いしそつうしえんようぐ
意思表示	いしひょうじ
意欲	いよく
意見	いけん
意識	いしき
愛情欲求	あいじょうよくきゅう
感	かん
感情	かんじょう
感染	かんせん
感染予防	かんせんよぼう
感染対策	かんせんたいさく
感染者	かんせんしゃ
感覚	かんかく
感覚機能	かんかくきのう
感覚障害	かんかくしょうがい
慕	した
慢性的	まんせいてき
慢性閉塞性肺疾患	まんせいへいそくせいはいしっかん
慣	なれ
憤慨	ふんがい
成人	せいじん
成功体験	せいこうたいけん
成年後見制度	せいねんこうけんせいど
成熟	せいじゅく
成長	せいちょう
戸	と
戸惑	とまど
戻	もどり
所	ところ
所属	しょぞく
所轄庁	しょかつちょう
扁桃体	へんとうたい
手	て
手前	てまえ
手前端	てまえたん
手指	てゆび
手掌	しゅしょう
手段的	しゅだんてき
手段的日常生活動作	しゅだんてきにちじょうせいかつどうさ
手法	しゅほう
手話	しゅわ
手足	てあし
手関節	しゅかんせつ
手順	てじゅん
打	う
打ち	うち
扱	あつか
扶	たす
扶養	ふよう
承認	しょうにん
承認欲求	しょうにんよくきゅう
承諾	しょうだく
技法	ぎほう
技術	ぎじゅつ
把握	はあく
抑	おさ
抑うつ	よくうつ
抑制	よくせい
抜	ぬ
抜去	ばっきょ
抜去予防	ばっきょよびょう
抱	だ
抵抗力	ていこうりょく
押	お
押さ	おさ
担当	たんとう
担当介護支援専門員	たんとうかいごしえんせんもんいん
担当者	たんとうしゃ
担当者会議	たんとうしゃかいぎ
拇指	ぼし
拒否	きょひ
拒絶的	きょぜつてき
拘縮	こうしゅく
拭	ふき
持	も
持病	じびょう
持続	じぞく
指	ゆび
指先	ゆびさき
指定	してい
指定対象外	していたいしょうがい
指定避難所	していひなんじょ
指導	しどう
指導者	しどうしゃ
指差	ゆびさ
指指	ゆびさ
指摘	してき
指示	しじ
指関節	しかんせつ
挨拶	あいさつ
振	ふ
挿入	そうにゅう
捉	とら
捨て	すて
掃き	はき
掃除	そうじ
排便	はいべん
排便回数	はいべんかいすう
排出	はいしゅつ
排泄	はいせつ
排泄後	はいせつご
探	さが
接	せっ
接種	せっしゅ
接触型	せっしょくがた
控	ひか
推進	すいしん
措置	そち
措置制度	そちせいど
掻	か
描	えがき
提供	ていきょう
提供責任者	ていきょうせきにんしゃ
提唱	ていしょう
提案	ていあん
換気	かんき
握	にぎ
握力	あくりょく
援助	えんじょ
揺	ゆ
損傷	そんしょう
損傷部位	そんしょうぶい
搬送	はんそう
携帯用会話補助装置	けいたいようかいわほじょそうち
摂取	せっしゅ
摂食嚥下	せっしょくえんげ
撤廃	てっぱい
操作	そうさ
支	ささ
支度	したく
支払	しはらい
支持的	しじてき
支援	しえん
支援内容	しえんないよう
支援方針	しえんほうしん
支援法	しえんほう
支点	してん
支給	しきゅう
支給限度額	しきゅうげんどがく
支配	しはい
支障	ししょう
改修	かいしゅう
改善	かいぜん
改訂長谷川式認知症	かいていはせがわしきにんちしょう
改革	かいかく
放課後等	ほうかごとう
政治	せいじ
故人	こじん
敏感	びんかん
救急	きゅうきゅう
救急搬送	きゅうきゅうはんそう
救急蘇生法	きゅうきゅうそせいほう
教	おしえ
教室	きょうしつ
散歩	さんぽ
散歩仲間	さんぽなかま
敬老	けいろう
数	かず
数年	すうねん
数日前	すうじつまえ
数日間観察	すうじつかんかんさつ
数秒程度	すうびょうていど
数週間	すうしゅうかん
整	ととのえ
整容	せいよう
整理	せいり
整理整頓	せいりせいとん
敷	しき
敷地内	しきちない
文化	ぶんか
文字	もじ
料理	りょうり
新	あたら
新人職員	しんじんしょくいん
新聞紙	しんぶんし
方	かた
方向	ほうこう
方向性	ほうこうせい
方法	ほうほう
方針	ほうしん
施策	しさく
施設	しせつ
施設入所支援	しせつにゅうしょしえん
施設利用	しせつりよう
施設職員	しせつしょくいん
施設長	しせつちょう
旅行	りょこう
日	ひ
日中	にっちゅう
日中同	にっちゅうおな
日中活動	にっちゅうかつどう
日付	ひづけ
日分	ひぶん
日常	にちじょう
日常生活	にちじょうせいかつ
日常生活動作	にちじょうせいかつどうさ
日常生活自立度判定基準	にちじょうせいかつじりつどはんていきじゅん
日常生活自立支援事業	にちじょうせいかつじりつしえんじぎょう
日常行動	にちじょうこうどう
日本	にほん
日本人	にほんじん
日本国憲法	にほんこくけんぽう
日本語	にほんご
日課	にっか
日間	にちかん
早	はや
明	あかる
明確	めいかく
明確化	めいかくか
昔	むかし
昨年	さくねん
昨日	きのう
昼	ひる
昼夜	ちゅうや
昼寝	ひるね
昼間	ひるま
昼間眠	ひるまねむ
昼食	ちゅうしょく
昼食中	ちゅうしょくちゅう
昼食時	ちゅうしょくじ
時	とき
時に	じに
時点	じてん
時計回	とけいまわ
時間	じかん
時間以上	じかんいじょう
時間前	じかんまえ
時間帯	じかんたい
時間未満	じかんみまん
普及啓発	ふきゅうけいはつ
暖房	だんぼう
暗順応	あんじゅんのう
暮	くら
書	か
書く	かく
替	か
最	もっと
最優先	さいゆうせん
最初	さいしょ
最善	さいぜん
最大	さいだい
最大限	さいだいげん
最小限	さいしょうげん
最後	さいご
最期	さいご
最表面	さいひょうめん
最近	さいきん
最近仕事	さいきんしごと
月	つき
月から	げつから
月前	げつまえ
月後	げつご
月生	がつうま
月程度	つきていど
有効	ゆうこう
有効期限	ゆうこうきげん
有料	ゆうりょう
有料老人	ゆうりょうろうじん
有棘層	ゆうきょくそう
服用	ふくよう
服薬	ふくやく
服薬管理	ふくやくかんり
望	のぞみ
朝	あさ
朝起	あさおき
朝食	ちょうしょく
期	き
期待	きたい
未婚	みこん
未満	みまん
未開封	みかいふう
本	ほん
本人	ほんんにん
本人発信支援	ほんにはっしんしえん
本吸	ほんすい
杖	つえ
杖歩行	つえほこう
条件	じょうけん
条約	じょうやく
来	き
来店	らいてん
杯	はい
東京	とうきょう
柄	がら
柄物	がらもの
柔	やわらか
柱	はしら
柵	さく
栄養剤	えいようざい
栄養摂取	えいようせっしゅ
栄養素	えいようそ
栄養障害	えいようしょうがい
椅子	いす
植木	うえき
検討	けんとう
業	ぎょう
業務	ぎょうむ
業務上	ぎょうむじょう
業務継続計画	ぎょうむけいぞくけいかく
楽	たのしい
構築	こうちく
構造	こうぞう
構造等	こうぞうとう
構音障害	こうおんしょうがい
様々	さまざま
様子	ようす
様態	ようだい
標準化	ひょうじゅんか
標準的	ひょうじゅんてき
模様	もよう
権利	けんり
権利侵害	けんりしんがい
横	よこ
横行結腸	おうこうけっちょう
橈骨動脈	とうこつどうみゃく
機会	きかい
機構	きこう
機能	きのう
機能低下	きのうていか
機能停止	きのうていし
機能局在	きのうきょくざい
機能訓練	きのうくんれん
機能障害	きのうしょうがい
機関	きかん
欠損	けっそん
次	つぎ
次亜塩素酸	じあえんそさん
欲求	よっきゅう
欲求階層説	よっきゅうかいそうせつ
歌	うた
止	とめ
正	ただ
正し	ただし
正常時	せいじょうじ
歩	ある
歩き	あるき
歩幅	ほはば
歩行	ほこう
歩行時	ほこうじ
歩行機能	ほこうきのう
歩行障害	ほこうしょうがい
歯	は
歯周	ししゅう
歯周病	ししゅうびょう
歯垢	しこう
歯科衛生士	しかえいせいし
歯髄	しずい
歳	さい
歳以上	さいいじょう
歳以上同士	さいいじょうどうし
歳半	さいはん
歳未満	さいみまん
歴史的展開	れきしてきてんかい
死	し
死別	しべつ
死後	しご
残	のこ
残存能力	ざんぞんのうりょく
段差	だんさ
段階	だんかい
母	はは
母親	ははおや
母語	ぼご
毎回固定	まいかいこてい
毎年	まいとし
毎年施策	まいとししさく
毎日	まいにち
毎日散歩	まいにちさんぽ
毎日歩	まいにちある
毎日決	まいにちき
毎日行	まいにちおこな
毎晩	まいばん
毎晩飲酒	まいばんいんしゅ
比	くら
比較	ひかく
比較的	ひかくてき
比較的短	ひかくてきみじか
毛細血管	もうさいけっかん
民法	みんぽう
民生委員	みんせいいいん
民間企業	みんかんきぎょう
気	き
気分	きぶん
気心	きごころ
気持	きも
気管	きかん
水	みず
水分	すいぶん
水分摂取	すいぶんせっしゅ
水分摂取量	すいぶんせっしゅりょう
水分補給	すいぶんほきゅう
水平	すいへい
水晶体	すいしょうたい
水様	すいよう
求	もとめ
汗	あせ
汗腺	かんせん
汚れ	よごれ
決	き
決め	きめ
決定	けってい
沈	しず
沈着	ちんちゃく
治療	ちりょう
沿	そ
泊	とま
法	ほう
法人	ほうじん
法令	ほうれい
法制度	ほうせいど
法定後見	ほうていこうけん
法定後見制度	ほうていこうけんせいど
法定雇用率	ほうていこようりつ
法律	ほうりつ
泣	なき
泥状	でいじょう
注入	ちゅうにゅう
注意	ちゅうい
注意欠陥多動性障害	ちゅういけっかんただ動せいしょうがい
注意障害	ちゅういしょうがい
注文	ちゅうもん
洋式	ようしき
洗体用	せんたいよう
洗浄	せんじょう
洗浄水	せんじょうすい
洗濯	せんたく
洗濯方法	せんたくほうほう
洗面器	せんめんき
洗顔	せんがん
洗髪	せんぱつ
活動	かつどう
活動内容	かつどうないよう
活動制限	かつどうせいげん
活動性	かつどうせい
活性化	かっせいか
活用	かつよう
活発	かっぱつ
流	ながれ
流動状	りゅうどうじょう
浅	あさい
浮	うき
浮気相手	うわきあいて
浴	よく
浴室	よくしつ
浴槽	よくそう
浴槽内	よくそうない
浴槽用手	よくそうようて
海外	かいがい
海馬	かいば
浸	ひたし
浸透	しんとう
消化器症状	しょうかきしょうじょう
消毒	しょうどく
消費期限	しょうひきげん
液	えき
液状	えきじょう
深	ふかい
深刻	しんこく
混乱	こんらん
混乱期	こんらんき
混濁	こんだく
添	そ
清拭	せいしき
清拭時	せいしきじ
清浄綿	せいじょうめん
清潔	せいけつ
渇	かわ
済	すみ
減	へ
減弱	げんじゃく
渡	わた
温度	おんど
温度覚	おんどかく
温水	おんすい
温泉	おんせん
測定	そくてい
湯	ゆ
湿度	しつど
湿気	しっけ
満足	まんぞく
満足度	まんぞくど
準備	じゅんび
準備期	じゅんびき
溢流性尿失禁	いつりゅうせいにょうしっきん
滅菌手袋	めっきんてぶくろ
滅菌蒸留水	めっきんじょうりゅうすい
滑	すべ
滴下速度	てきかそくど
漂白剤	ひょうはくざい
潜在	せんざい
潜在意識	せんざいいしき
激励	げきれい
災害対策基本法	さいがいたいさくきほんほう
災害時	さいがいじ
災害時等	さいがいじとう
災害派遣福祉	さいがいはけんふくし
炎症	えんしょう
炭酸水	たんさんすい
点	てん
点以下	てんいか
点字器	てんじき
点満点	てんまんてん
無反応	むはんのう
無地	むじ
無断	むだん
無言	むごん
照ら	てら
照明	しょうめい
煮沸消毒	しゃふつしょうどく
熱中症	ねっちゅうしょう
熱中症対策	ねっちゅうしょうたいさく
熱傷	ねっしょう
熱湯	ねっとう
父	ちち
父親	ちちおや
片側	かたがわ
片麻痺	かたまひ
牛乳	ぎゅうにゅう
物	もの
物忘	ものわすれ
特	とく
特別	とくべつ
特定	とくてい
特徴	とくちょう
特徴的	とくちょうてき
特有	とくゆう
特殊寝台	とくしゅしんだい
特異	とくい
犬	いぬ
状態	じょうたい
状況	じょうきょう
状況把握	じょうきょうはあく
状結腸	じょうけっちょう
独居	どっきょ
狭	せま
猫	ねこ
献立	こんだて
玄関	げんかん
玄関前	げんかんまえ
現	あらわ
現在	げんざい
現在発語訓練	げんざいはつごくんれん
現場	げんば
現実	げんじつ
現象	げんしょう
理学療法士	りがくりょうほうし
理念	りねん
理由	りゆう
理解	りかい
環境	かんきょう
環境基本法	かんきょうきほんほう
環境温度	かんきょうおんど
甘	あまい
生	い
生か	いか
生じ	しょうじ
生命	せいめい
生存	せいぞん
生存権	せいぞんけん
生後	せいご
生殖機能	せいしょくきのう
生活	せいかつ
生活介護	せいかつかいご
生活保護	せいかつほご
生活保護制度	せいかつほごせいど
生活史	せいかつし
生活困窮者住居確保給付金	せいかつこんきゅうしゃじゅうきょかくほきゅうふきん
生活困窮者自立支援法	せいかつこんきゅうしゃじりつしえんほう
生活困窮者自立相談支援事業	せいかつこんきゅうしゃじりつそうだんしえんじぎょう
生活援助	せいかつえんじょ
生活支援	せいかつしえん
生活支援員	せいかつしえんいん
生活支援技術	せいかつしえんぎじゅつ
生活様式	せいかつようしき
生活相談	せいかつそうだん
生活範囲	せいかつはんい
生活課題	せいかつかだい
生理的	せいりてき
生理的欲求	せいりてきよくきゅう
生理的狭窄部	せいりてききょうさくぶ
産業医	さんぎょうい
用	よう
用具	ようぐ
用意	ようい
用語	ようご
申	もうし
申請	しんせい
男性	だんせい
留意	りゅうい
留意点	りゅういてん
番号	ばんごう
異	ことなり
異常	いじょう
疎通	そつう
疑	うたが
疑い	うたがい
疑っ	うたがっ
疲	つかれ
疼痛	とうつう
疾患	しっかん
病	やまい
病態	びょうたい
病気	びょうき
病状	びょうじょう
病識低下	びょうしくていか
病院	びょういん
症候群	しょうこうぐん
症状	しょうじょう
痛	いた
痛い	いたい
痛み	いたみ
痰	たん
療育手帳	りょういくてちょう
療養	りょうよう
療養介護	りょうようかいご
癒着	ゆちゃく
発信	はっしん
発展	はってん
発汗	はっかん
発生	はっせい
発症	はっしょう
発見	はっけん
発言	はつげん
発話	はつわ
発語	はつご
発語訓練	はつごくんれん
発赤	ほっせき
発達	はったつ
発達期	はったつき
発達課題	はったつかだい
発達障害者支援	はったつしょうがいしゃしえん
発音	はつおん
白内障	は内しょう
白杖	はくじょう
白湯	さゆ
白髪	しらが
皆	みな
皮下組織	ひかそしき
皮脂腺	ひしせん
皮膚	ひふ
皮膚感覚	ひふかんかく
皿	さら
盗	ぬす
盛	もり
監督	かんとく
目	め
目印	めじるし
目安	めやす
目指	めざ
目標	もくひょう
目標距離	もくひょうきょり
目標達成時	もくひょうたっせいじ
目的	もくてき
目立	めだ
盲導犬	もうどうけん
盲腸	もうちょう
直	ただ
直接	ちょくせつ
直接照明	ちょくせつしょうめい
直接関	ちょくせつかかわ
直腸	ちょくちょう
相当	そうとう
相手	あいて
相談	そうだん
相談支援専門員	そうだんしえんせんもんいん
省略	しょうりゃく
看取	みとり
看護	かんご
看護師	かんごし
看護職	かんごしょく
真皮	しんぴ
眠	ねむ
眠気	ねむけ
着	き
着替	きがえ
着目	ちゃくもく
着脱	ちゃくだつ
睡眠	すいみん
睡眠中	すいみんちゅう
睡眠時間	すいみんじかん
睡眠状態	すいみんじょうたい
睡眠薬	すいみんやく
睡眠行動障害	すいみんこうどうしょうがい
睡眠障害	すいみんしょうがい
瞳孔散大	どうこうさんだい
矢印	やじるし
知	し
知的	ちてき
知的障害	ちてきしょうがい
知的障害者	ちてきしょうがいしゃ
知能	ちのう
知識	ちしき
短	みじか
短時間	たんじかん
短期	たんき
短期入所	たんきにゅうしょ
短期目標	たんきもくひょう
短期記憶	たんききおく
石	いし
砂糖	さとう
研究目的	けんきゅうもくてき
硝子体	しょうしたい
硬	かた
硬組織	こうそしき
確保	かくほ
確立	かくりつ
確認	かくにん
磨	みがき
示	しめ
社交集団	しゃこうしゅうだん
社会	しゃかい
社会生活	しゃかいせいかつ
社会的	しゃかいてき
社会的役割	しゃかいてきやくわり
社会的行動障害	しゃかいてきこうどうしょうがい
社会的責任	しゃかいてきせきにん
社会的障壁	しゃかいてきしょうへき
社会福祉	しゃかいふくし
社会福祉基礎構造改革	しゃかいふくしきそこうぞうかいかく
社会福祉士	しゃかいふくしし
社会福祉士及	しゃかいふくししおよび
社会福祉法	しゃかいふくしほう
社会福祉法人	しゃかいふくしほうじん
社会資源	しゃかいしげん
神経	しんけい
神経伝達物質	しんけいでんたつぶっしつ
神経性無食欲症	しんけいせいむしょくよくしょう
神経細胞	しんけいさいぼう
神経膠細胞	しんけいこうさいぼう
祭	まつ
禁	きん
禁止	きんし
福祉	ふくし
福祉事務所	ふくじじむしょ
福祉六法	ふくしろっぽう
福祉制度	ふくじせいど
福祉用具	ふくしようぐ
福祉用具専門相談員	ふくじようぐせんもんそうだんいん
福祉電話	ふくしでんわ
私	わたし
私物	しぶつ
秘密保持義務	ひみつほじぎむ
移	うつり
移乗	いじょう
移乗台	いじょうだい
移動	いどう
移動空間	いどうくうかん
移動範囲	いどうはんい
移行	いこう
程度	ていど
種類	しゅるい
積	つ
積極的	せっきょくてき
穏	おだ
空気	くうき
空腸	くうちょう
空間	くうかん
窓	まど
窓口	まどぐち
立	たち
立位	りつい
立位保持	りついほじ
立場	たちば
立案	りつあん
端	はし
端座位	たんざい
笑顔	えがお
第	だい
第一号通所事業	だいいちごうつうしょじぎょう
第二反抗期	だいにはんこうき
第二次世界大戦後	だいにじせかいたいせんご
等利用計画	とうりようけいかく
等級	とうきゅう
筋力	きんりょく
筋固縮	きんこしゅく
筋線維	きんせんい
筋肉	きんにく
筋萎縮性側索硬化症	きんいしゅくせいじくさくこうかしょう
答	こた
策定	さくてい
策定後	さくていご
管	くだ
管理	かんり
管理体制	かんりたいせい
管理責任者	かんりせきにんしゃ
箸	はし
範囲	はんい
粘性	ねんせい
粥状	かゆじょう
精神保健	せいしんほけん
精神薄弱者福祉法	せいしんはくじゃくしゃふくしほう
精神障害	せいしんしょうがい
精神障害者	せいしんしょうがいしゃ
糖尿病	とうにょうびょう
約	やく
紙	かみ
紫外線	しがいせん
細	ほそい
細胞	さいぼう
紹介	しょうかい
終	おわり
終了	しゅうりょう
終了後	しゅうりょうご
終末期	しゅうまつき
終身	しゅうしん
組	くみ
組合	くみあい
組織	そしき
経口摂取	けいこうせっしゅ
経済状況	けいざいじょうきょう
経管栄養	けいかんえいよう
経管栄養中	けいかんえいようちゅう
経過	けいか
経過的軽費老人	けいかてきけいひろうじん
経験	けいけん
経鼻経管栄養	けいびけいかんえいよう
結婚	けっこん
結晶性知能	けっしょうせいちのう
結果	けっか
結核	けっかく
絞	しぼり
給与	きゅうよ
給付	きゅうふ
絨毛	じゅうもう
統一	とういつ
統合	とうごう
統合化	とうごうか
統合失調症	とうごうしっちょうしょう
絵	え
絹	きぬ
絹製品	きぬせいひん
継続	けいぞく
継続雇用制度	けいぞくこようせいど
続	つづ
維持	いじ
網膜	もうまく
綿	めん
緊張	きんちょう
緊張感	きんちょうかん
緊急時	きんきゅうじ
総合	そうごう
総合問題	そうごうもんだい
総合的	そうごうてき
総義歯	そうぎし
線検査	せんけんさ
編成	へんせい
縁	ふち
縦	たて
縮小	しゅくしょう
繁盛	はんじょう
繊維	せんい
繰	く
缶詰	かんづめ
置	お
置い	おい
置か	おか
置く	おく
美	うつく
羞恥心	しゅうちしん
義務	ぎむ
義歯	ぎし
義肢装具士	ぎしそうぐし
習慣	しゅうかん
老人	ろうじん
老人性皮膚掻痒症	ろうじんせいひふそうようしょう
老化	ろうか
老年症候群	ろうねんしょうこうぐん
老性自覚	ろうせいじかく
老齢年金制度	ろうれいねんきんせいど
考	かんが
考慮	こうりょ
者	もの
耐	たえ
耳介	じかい
耳垢	じこう
聞	き
聴	き
聴力	ちょうりょく
聴神経	ちょうしんけい
聴覚	ちょうかく
聴覚認知機能	ちょうかくにんちきのう
聴覚障害	ちょうかくしょうがい
聴覚障害者	ちょうかくしょうがいしゃ
職	しょく
職員	しょくいん
職員個人	しょくいんこじん
職員間	しょくいんかん
職場	しょくば
職場環境	しょくばかんきょう
職業倫理	しょくぎょうりんり
職種	しょくしゅ
肉	にく
肉入	にくいり
肘	ひじ
肩	かた
肩関節	かたかんせつ
育	そだ
肺	はい
肺動脈	はいどうみゃく
肺炎球菌	はいえんきゅうきん
胃	い
胃底部	いていぶ
胃液分泌	いえきぶんぴつ
背中	せなか
背臥位	はいがい
背部	はいぶ
胸	むね
胸膜	きょうまく
胸部	きょうぶ
胸骨	きょうこつ
胸骨圧迫	きょうこつあっぱく
能力	のうりょく
脂質異常症	ししついじょうしょう
脈拍	みゃくはく
脈絡膜	みゃくらくまく
脊髄	せきずい
脊髄損傷	せきずいそんしょう
脚	あし
脱	ぬ
脱水	だっすい
脱水時間	だっすいじかん
脳	のう
脳出血	のうしゅっけつ
脳性麻痺	のうせいまひ
脳梗塞	のうこうそく
脳神経	のうしんけい
脳細胞	のうさいぼう
脳血管障害	のうけっかんしょうがい
腎機能	じんきのう
腕	うで
腸	ちょう
腸蠕動	ちょうぜんどう
腹	はら
腹部	ふくぶ
腹部膨満感	ふくぶぼうまんかん
腿	ふともも
膝	ひざ
膣	ちつ
膨満	ぼうまん
臥床	がしょう
臨床的認知症尺度	りんしょうてきにんちしょうしゃくど
自	みずか
自主的	じしゅてき
自信	じしん
自分	じぶん
自分一人	じぶんひとり
自分自身	じぶんじしん
自力	じりき
自力摂取	じりきせっしゅ
自助	じじょ
自助具	じじょぐ
自宅	じたく
自室	じしつ
自己	じこ
自己中心性	じこちゅうしんせい
自己免疫	じこめんえき
自己判断	じこはんだん
自己同一性	じこどういつせい
自己実現欲求	じこじつげんよくきゅう
自己愛	じこあい
自己覚知	じこかくち
自己開示	じこかいじ
自己防衛	じこぼうえい
自律神経症状	じりつしんけいしょうじょう
自我	じが
自由	じゆう
自発的活動支援	じはつてきかつどうしえん
自立	じりつ
自立度	じりつど
自立支援	じりつしえん
自立支援医療制度	じりつしえんいりょうせいど
自立支援給付	じりつしえんきゅうふ
自立生活援助	じりつせいかつえんじょ
自立生活運動	じりつせいかつうんどう
自立観	じりつかん
自立訓練	じりつくんれん
自覚	じかく
自責	じせき
自走	じそう
自身	じしん
自閉症	じへいしょう
興味	きょうみ
興奮	こうふん
舌	した
舌下神経	ぜっかしんけい
舌先	したさき
良	よ
良好	りょうこう
良心	りょうしん
良肢位	りょうしい
良質	りょうしつ
色	いろ
苛立	いらだ
若	わかい
若年性	じゃくねんせい
若年性認知症支援	じゃくねんせいにんちしょうしえん
苦	くる
苦情	くじょう
苦手	にがて
苦痛	くつう
茶	ちゃ
菌	きん
萎縮	いしゅく
落	お
著	いちじる
蒸	む
薬	くすり
虐待	ぎゃくたい
蠕動運動	ぜんどううんどう
血圧	けつあつ
血圧測定	けつあつそくてい
血族	けつぞく
血液	けつえき
血管性認知症	けっかんせいにんちしょう
行け	いけ
行動	こうどう
行動援護	こうどうえんご
行政	ぎょうせい
行政職員	ぎょうせいしょくいん
行為	こうい
衣服	いふく
衣装	いしょう
衣類	いるい
表	ひょう
表出	ひょうしゅつ
表情	ひょうじょう
表現	ひょうげん
表皮	ひょうひ
表示	ひょうじ
表面	ひょうめん
表面化	ひょうめんか
衰	おとろえ
袋	ふくろ
袖	そで
被害妄想	ひがいもうそう
被災者	ひさいしゃ
装具	そうぐ
装甲	そうこう
装置	そうち
補	おぎな
補給	ほきゅう
補聴器	ほちょうき
補装具	ほそうぐ
補足	ほそく
補足性	ほそくせい
補高便座	ほこうべんざ
複数	ふくすう
複数人	ふくすうにん
褥瘡	じょくそう
襟元	えりもと
要	かなめ
要介護	ようかいご
要介護度	ようかいごど
要介護者	ようかいごしゃ
要介護者等	ようかいごしゃとう
要介護認定	ようかいごにんてい
要介護高齢者	ようかいごこうれいしゃ
要因	よういん
要支援	ようしえん
要支援者	ようしえんしゃ
要望	ようぼう
要約	ようやく
要要約筆記	ようやくひっき
要配慮	ようはいりょ
要配慮者	ようはいりょしゃ
見	み
見守	みまも
見当識	けんとうしき
見当識障害	けんとうしきしょうがい
見直	みなお
規定	きてい
視力低下	しりょくていか
視力障害	しりょくしょうがい
視床下部	ししょうかぶ
視点	してん
視覚	しかく
視覚情報	しかくじょうほう
視覚的環境	しかくてきかんきょう
視覚的認識	しかくてきにんしき
視覚素材問題	しかくそざいもんだい
視覚障害	しかくしょうがい
視覚障害者	しかくしょうがいしゃ
覚	おぼえ
覚知	かくち
覚醒	かくせい
親	おや
親族	しんぞく
親族関係	しんぞくかんけい
観察	かんさつ
観念失行	かんねんしっこう
観点	かんてん
角化型疥癬	かくかがたかいせん
角膜	かくまく
角質層	かくしつそう
解	と
解散	かいさん
解決	かいけつ
解釈	かいしゃく
解除	かいじょ
触	ふれ
言	い
言葉	ことば
言語	げんご
言語的	げんごてき
言語聴覚士	げんごちょうかくし
言語障害	げんごしょうがい
計画	けいかく
計画書	けいかくしょ
訓練	くんれん
訓練等給付	くんれんとうきゅうふ
記入	きにゅう
記念品	きねんひん
記憶	きおく
記憶障害	きおくしょうがい
記載	きさい
記載箇所	きさいかしょ
記述	きじゅつ
記録	きろく
訪	たず
訪問	ほうもん
訪問介護	ほうもんかいご
訪問介護事業所	ほうもんかいごじぎょうしょ
訪問介護員	ほうもんかいごいん
訪問介護計画	ほうもんかいごけいかく
訪問回数	ほうもんかいすう
訪問型	ほうもんがた
訪問看護	ほうもんかんご
訪室	ほうしつ
設	もうけ
設備	せつび
設備基準	せつびきじゅん
設定	せってい
設立時	せつりつじ
設置	せっち
許	ゆる
訴	うった
診断	しんだん
診療所	しんりょうじょ
診療所敷地内	しんりょうしょしきちない
評価	ひょうか
評価日	ひょうかび
評議員会	ひょうぎいんかい
話	はな
話し合う	はなしあう
話す	はなす
話そ	はなそ
話題	わだい
該当	がいとう
詳	くわ
認	みと
認可	にんか
認定	にんてい
認定結果	にんていけっか
認定調査員	にんていちょうさいん
認知	にんち
認知機能	にんちきのう
認知機能障害	にんちきのうしょうがい
認知症	にんちしょう
認知症介護指導者	にんちしょうかいごしどうしゃ
認知症初期集中支援	にんちしょうしょきしゅうちゅうしえん
認知症対応型共同生活介護	にんちしょうたいおうがたきょうどうせいかつかいご
認知症施策推進大綱	にんちしょうしさくすいしんたいこう
認知症疾患医療	にんちしょうしっかんいりょう
認知症高齢者	にんちしょうこうれいしゃ
認知症高齢者等	にんちしょうこうれいしゃとう
認識	にんしき
誕生日	たんじょうび
誘	さそ
誘導	ゆうどう
語	かた
語彙爆発	ごいばくはつ
誤嚥	ごえん
説得	せっとく
説明	せつめい
説明書	せつめいしょ
読	よ
誰	だれ
課題	かだい
課題解決	かだいかいけつ
調整	ちょうせい
調査	ちょうさ
調査結果	ちょうさけっか
調理	ちょうり
調理中	ちょうりちゅう
調理師	ちょうりし
調節	ちょうせつ
請求	せいきゅう
負	ま
負担	ふたん
財布	さいふ
財源	ざいげん
財産	ざいさん
財産処分	ざいさんしょぶん
財産権	ざいさんけん
財産管理	ざいさんかんり
貢献	こうけん
責	せめ
責任	せきにん
責任者	せきにんしゃ
責務	せきむ
貯	ため
貯留	ちょりゅう
貯留物	ちょりゅうぶつ
貯金	ちょきん
買	か
買物	かいもの
貸与	たいよ
貼	は
賃金	ちんぎん
資料	しりょう
資格取得	しかくしゅとく
資格更新研修	しかくこうしんけんしゅう
資源	しげん
資産	しさん
資質向上	ししつこうじょう
賞味期限	しょうみきげん
賞味期限切	しょうみきげんぎ
賞賛	しょうさん
質	しつ
質問	しつもん
購入	こうにゅう
赤	あか
起	お
起床	きしょう
起床介助	きしょうかいじょ
起床後	きしょうご
起床時	きしょうじ
起立性低血圧	きりつせいていけつあつ
超	こ
趣味	しゅみ
足	あし
足底	そくてい
足根骨	そっこんこつ
足部	そくぶ
足関節	そくかんせつ
踵	かかと
身	み
身体	しんたい
身体構造	しんたいこうぞう
身体機能	しんたいきのう
身体活動	しんたいかつどう
身体状況	しんたいじょうきょう
身体的	しんたいてき
身体的疾患	しんたいてきしっかん
身体的虐待	しんたいてきぎゃくたい
身体的要因	しんたいてきよういん
身体障害	しんたいしょうがい
身体障害者	しんたいしょうがいしゃ
身体障害者手帳	しんたいしょうがいしゃてちょう
身体障害者更生相談所	しんたいしょうがいしゃこうせいそうだんじょ
身体障害者福祉法	しんたいしょうがいしゃふくしほう
身元保証	みもとほしょう
身振	みぶ
身辺	しんぺん
身近	みぢか
車	くるま
軟便	なんべん
軟化	なんか
軟膏	なんこう
転倒	てんとう
転居	てんきょ
転職	てんしょく
転院	てんいん
軽	かる
軽作業	けいさぎょう
軽度	けいど
軽快	けいかい
軽減	けいげん
辞	じ
込	こ
迎	むか
近	ちか
近所	きんじょ
近時記憶	きんじきおく
近隣	きんりん
返	かえ
返事	へんじ
返答	へんとう
迷走神経	めいそうしんけい
退屈	たいくつ
退職	たいしょく
退職後	たいしょくご
退院	たいいん
退院後	たいいんご
送	おく
送迎	そうげい
逃	にげ
逆流	ぎゃくりゅう
透明	とうめい
途中	とちゅう
通	かよ
通し	とおし
通じ	つうじ
通報	つうほう
通常	つうじょう
通所	つうしょ
通所介護	つうしょかいご
通所型	つうしょがた
通路	つうろ
通過	つうか
速や	すみや
造設	ぞうせつ
連れて行った	つれていった
連携	れんけい
連絡	れんらく
週	しゅう
週所定労働時間	しゅうしょていろうどうじかん
週間	しゅうかん
週間前	しゅうかんまえ
週間取得	しゅうかんしゅとく
進	すす
進捗	しんちょく
進行	しんこう
遂行	すいこう
遂行機能障害	すいこうきのうしょうがい
遅	おく
遊	あそ
運動	うんどう
運動失調	うんどうしっちょう
運動発達	うんどうはったつ
運動神経	うんどうしんけい
運動野	うんどうや
運営	うんえい
運営適正化委員会	うんえいてきせいかいいんかい
過	す
過去	かこ
過程	かてい
道	みち
道徳心	どうとくしん
達成	たっせい
達成可能	たっせいかのう
達成状況	たっせいじょうきょう
違	ちが
適	てき
適切	てきせつ
適応	てきおう
適応力	てきおうりょく
遵守	じゅんしゅ
選	えら
選任	せんにん
選択	せんたく
選択的聴取	せんたくてきちょうしゅ
選択肢	せんたくし
避	さ
避難	ひなん
避難所	ひなんじょ
避難所内	ひなんじょない
部	ぶ
部位	ぶい
部分床	ぶぶんしょう
部分床義歯	ぶぶんしょうぎし
部屋	へや
都合	つごう
都道府県	とどうふけん
配	くば
配布	はいふ
配慮	はいりょ
配置	はいち
配膳	はいぜん
配食	はいしょく
酢	す
酸素	さんそ
酸素系	さんそけい
酸素系漂白剤	さんそけいひょうはくざい
重	おもい
重度	じゅうど
重度期以降	じゅうどきいこう
重点	じゅうてん
重症度分類	じゅうしょうどぶんるい
重要	じゅうよう
重視	じゅうし
量	りょう
金	かね
金銭	きんせん
金銭管理	きんせんかんり
鍵	かぎ
鍵付	かぎつき
鑑別診断	かんべつしんだん
長	なが
長年診療所	ながねんしんりょうしょ
長年飼	ながねんかい
長所	ちょうしょ
長期入院	ちょうきにゅういん
長期化	ちょうきか
長期間	ちょうきかん
長生	ながい
長男	ちょうなん
閉	と
閉じ	とじ
閉塞性動脈硬化症	へいそくせいどうみゃくこうかしょう
開	ひら
開催	かいさい
開始	かいし
間	あいだ
間違	まちが
関	かか
関す	かんす
関わ	かかわ
関与	かんよ
関係	かんけい
関係書類	かんけいしょるい
関係者	かんけいしゃ
関心	かんしん
関節	かんせつ
関節痛	かんせつつう
関節運動	かんせつうんどう
関連	かんれん
関連付	かんれんづ
閲覧	えつらん
防	ふせ
防止	ぼうし
防災	ぼうさい
防災士	ぼうさいし
防災対策	ぼうさいたいさく
防虫剤	ぼうちゅうざい
限	かぎ
限定	げんてい
限度額	げんどがく
除	のぞ
除去	じょきょ
除外	じょがい
除湿機	じょしつき
陰部	いんぶ
陰部洗浄	いんぶせんじょう
陳列棚	ちんれつだな
隅	すみ
階	かい
階段	かいだん
階段利用時	かいだんりようじ
随時	ずいじ
随時対応型訪問介護看護	ずいじたいおうがたほうもんかいごかんご
隙間	すきま
障害	しょうがい
障害児入所支援	しょうがいじにゅうしょしえん
障害児支援	しょうがいじしえん
障害児支援利用計画	しょうがいじしえんりようけいかく
障害児通所支援	しょうがいじつうしょしえん
障害支援区分	しょうがいしえんくぶん
障害特性	しょうがいとくせい
障害福祉	しょうがいふくし
障害種別	しょうがいしゅべつ
障害者	しょうがいしゃ
障害者基本法	しょうがいしゃきほんほう
障害者基本計画	しょうがいしゃきほんけいかく
障害者差別解消法	しょうがいしゃさべつかいしょうほう
障害者政策委員会	しょうがいしゃせいさくいいんかい
障害者福祉	しょうがいしゃふくし
障害者福祉施設従事者	しょうがいしゃふくししせつじゅうじしゃ
障害者福祉施設等	しょうがいしゃふくししせつとう
障害者総合支援法	しょうがいしゃそうごうしえんほう
障害者虐待	しょうがいしゃぎゃくたい
障害者虐待防止	しょうがいしゃぎゃくたいぼうし
隣	とな
隣室	りんしつ
集	あつま
集中	しゅうちゅう
集団生活	しゅうだんせいかつ
集約	しゅうやく
雇用	こよう
雇用保険制度	こようほけんせいど
雇用義務	こようぎむ
離	はな
難	むずか
難病情報	なんびょうじょうほう
難聴	なんちょう
雰囲気	ふんいき
電動車	でんどうしゃ
電動車椅子	でんどうくるまいす
電気式	でんきしき
電気毛布	でんきもうふ
電話	でんわ
需要	じゅよう
震	ふる
静	しず
静脈	じょうみゃく
静脈血	じょうみゃくけつ
非	ひ
非常食	ひじょうしょく
非接触型体温計	ひせっしょくがたたいいんけい
非言語的	ひげんごてき
面会	めんかい
面接	めんせつ
面接指導	めんせつしどう
靴音	くつおと
音	おと
音声	おんせい
音楽	おんがく
音量	おんりょう
頃	ころ
頃毎年	ころまいとし
項目	こうもく
順	じゅん
順序	じゅんじょ
順番	じゅんばん
預	あず
預か	あずか
頑固	がんこ
頚髄	けいずい
頭受	あたまう
頭部	とうぶ
頭部外傷	とうぶがいしょう
頭頂葉	とうちょうよう
頸部	けいぶ
頻繁	ひんぱん
頼	たの
顆粒層	かりゅうそう
額	ひたい
顎	あご
顔	かお
顔貌	がんぼう
顔面神経	がんめんしんけい
願	ねが
願い	ねがい
類	るい
類似	るいじ
風	かぜ
食	た
食べ	たべ
食事	しょくじ
食事中	しょくじちゅう
食事介護	しょくじかいご
食事動作	しょくじどうさ
食事後	しょくじご
食事摂取	しょくじせっしゅ
食品	しょくひん
食器	しょっき
食堂	しょくどう
食材	しょくざい
食欲増加	しょくよくぞうか
食物	しょくもつ
食物繊維	しょくもつせんい
食道	しょくどう
食道期	しょくどうき
飯	はん
飲	のみ
飲み物	のみもの
飲料水	いんりょうすい
飲酒	いんしゅ
飲食店	いんしょくてん
飲食物	いんしょくぶつ
飼	かい
養子	ようし
養成	ようせい
養親	ようしん
養護	ようご
養護老人	ようごろうじん
養護者	ようごしゃ
香	かおり
駐車場収入	ちゅうしゃじょうしゅうにゅう
骨折	こっせつ
骨盤底筋	こつばんていきん
骨盤底筋訓練	こつばんていきんくんれん
骨粗鬆症	こつそしょうしょう
高	たか
高ま	たかま
高ストレス	こうストレス
高次脳機能障害	こうじのうきのうしょうがい
高温浴	こうおんよく
高血圧	こうけつあつ
高血圧症	こうけつあつしょう
高音域	こうおんいき
高齢	こうれい
高齢者	こうれいしゃ
高齢者世帯	こうれいしゃせたい
高齢者住	こうれいしゃじゅう
高齢者向	こうれいしゃむけ
高齢者本人	こうれいしゃほんにん
高齢者等	こうれいしゃとう
高齢者等終身	こうれいしゃとうしゅうしん
高齢者虐待防止法	こうれいしゃぎゃくたいぼうしほう
麻痺	まひ
麻痺側	まひそく
鼻	はな
鼻毛	はなげ
鼻腔	びくう
